"Cell","h","monocle3_pseudotime","UMAP1","UMAP2","cluster","partition"
110,0,0,4.43410301208496,1.15079641342163,"1","1"
109,0,0.00398770054583242,4.25578355789185,0.013842087239027,"1","1"
114,0,0.00703720106685002,4.42598724365234,1.15378963947296,"1","1"
623,48,0.0072191138813249,4.42523527145386,-0.0690027326345444,"1","1"
327,6,0.00722610884161679,4.58208703994751,0.676060736179352,"1","1"
240,1,0.00723310380190867,4.51659727096558,0.182380557060242,"1","1"
227,1,0.00724009876220055,4.93669652938843,0.644732892513275,"1","1"
222,1,0.00724709372249244,4.95587491989136,0.88056081533432,"1","1"
186,1,0.00725408868278432,4.73088550567627,0.820248544216156,"1","1"
148,1,0.0072610836430762,4.71210718154907,0.589637994766235,"1","1"
119,0,0.00726807860336809,4.44130945205688,0.386149734258652,"1","1"
106,0,0.00727507356365997,4.32440042495728,0.162045121192932,"1","1"
105,0,0.00728206852395186,4.58859586715698,0.049712385982275,"1","1"
95,0,0.00728906348424374,4.41699457168579,0.514962077140808,"1","1"
94,0,0.00729605844453562,4.64137554168701,0.36403101682663,"1","1"
91,0,0.00730305340482751,4.33177661895752,0.059664711356163,"1","1"
85,0,0.00731004836511939,4.56695222854614,0.319439053535461,"1","1"
79,0,0.00731704332541128,4.30917692184448,0.18115858733654,"1","1"
77,0,0.00732403828570316,4.65671300888062,0.58860057592392,"1","1"
72,0,0.00733103324599504,4.53629159927368,0.358198374509811,"1","1"
71,0,0.00733802820628693,4.49567270278931,0.352892369031906,"1","1"
68,0,0.00734502316657881,4.64088869094849,0.990530908107758,"1","1"
61,0,0.0073520181268707,4.50292444229126,0.368697106838226,"1","1"
59,0,0.00735901308716258,4.41564178466797,0.711132347583771,"1","1"
54,0,0.00736600804745446,4.46082925796509,0.253367722034454,"1","1"
41,0,0.00737300300774635,4.52143383026123,1.03711819648743,"1","1"
32,0,0.00737999796803823,4.67781019210815,0.863548874855042,"1","1"
30,0,0.00738699292833012,4.57491731643677,0.237345233559608,"1","1"
17,0,0.007393987888622,4.55446767807007,0.510071098804474,"1","1"
550,24,0.0152285197877364,4.24279356002808,0.0789236575365067,"1","1"
22,0,0.0166782910395644,4.18137741088867,-0.291303604841232,"1","1"
99,0,0.0258729727408316,4.38161611557007,1.02121663093567,"1","1"
175,1,0.0266351462455456,4.81426525115967,1.0121659040451,"1","1"
542,24,0.0336545151486203,4.20394515991211,-0.0224830433726311,"1","1"
66,0,0.0380020400706176,4.53809356689453,1.1446578502655,"1","1"
97,0,0.0473581867058814,4.33063793182373,0.867801010608673,"1","1"
37,0,0.0510553205742172,4.21369171142578,0.169985696673393,"1","1"
166,1,0.0561996900464936,4.25553178787231,0.468661695718765,"1","1"
25,0,0.0577525645090875,4.18186616897583,0.0231908150017262,"1","1"
533,24,0.0840671321543567,4.27979612350464,0.830683290958405,"1","1"
28,0,0.0850087353731401,4.17708015441895,0.200271710753441,"1","1"
13,0,0.0905003862965634,4.65603542327881,1.13561928272247,"1","1"
573,24,0.0989033806828867,4.62366724014282,1.15700507164001,"1","1"
223,1,0.176435381993221,4.17975854873657,0.910827696323395,"1","1"
1,0,0.184253938936219,4.06973457336426,0.287259429693222,"1","1"
47,0,0.212647435331615,4.18027639389038,1.18880772590637,"1","1"
153,1,0.22542316291766,4.15651702880859,1.13826811313629,"1","1"
58,0,0.254638632117693,4.52965450286865,1.32801687717438,"1","1"
138,1,0.255659386558989,3.98790001869202,0.32120680809021,"1","1"
52,0,0.272013382068019,4.02581262588501,0.680595099925995,"1","1"
466,12,0.300666293932606,4.80367374420166,1.24405896663666,"1","1"
98,0,0.305054059212652,4.56509733200073,1.35401046276093,"1","1"
3,0,0.32233406019173,4.53137540817261,1.38335955142975,"1","1"
87,0,0.370267952674672,4.70044708251953,1.34775102138519,"1","1"
73,0,0.620537699599182,4.11501407623291,1.628821849823,"1","1"
96,0,0.628973299317222,4.57087087631226,1.72106504440308,"1","1"
24,0,0.659381514468606,4.60171127319336,1.68668901920319,"1","1"
44,0,0.687934801145961,4.68742036819458,1.66732263565063,"1","1"
40,0,0.707712108607793,4.65462350845337,1.63294208049774,"1","1"
197,1,0.739098086475142,3.96527481079102,1.60182738304138,"1","1"
118,0,0.740083123587252,4.31441116333008,1.51146948337555,"1","1"
75,0,0.75372667943098,3.8989679813385,1.39882469177246,"1","1"
82,0,0.765244045905643,4.6546688079834,1.55463838577271,"1","1"
76,0,0.76896530876638,4.02153635025024,1.56021511554718,"1","1"
39,0,0.787431179882363,4.74999713897705,1.54612851142883,"1","1"
38,0,0.817247843041833,4.65241765975952,1.4833390712738,"1","1"
100,0,0.817777154726595,4.03287649154663,1.33529555797577,"1","1"
16,0,0.841892248365436,4.69149827957153,1.45249354839325,"1","1"
89,0,0.841899243325728,4.7003812789917,1.36963057518005,"1","1"
51,0,0.845612539573217,4.0120415687561,1.1539294719696,"1","1"
5,0,0.845887965712932,4.01586866378784,1.16001713275909,"1","1"
10,0,0.868675237586057,3.9511616230011,0.600369930267334,"1","1"
55,0,0.868682232546349,3.96254682540894,0.58743691444397,"1","1"
64,0,0.868689227506641,4.06856203079224,1.12668144702911,"1","1"
126,1,0.868696222466933,3.9600625038147,0.658732235431671,"1","1"
160,1,0.868703217427224,3.95327210426331,0.463758289813995,"1","1"
15,0,0.93930567140869,4.49369096755981,2.3139226436615,"1","1"
31,0,0.939312666368982,4.52681398391724,2.18001890182495,"1","1"
70,0,0.939319661329274,4.51572751998901,2.18112730979919,"1","1"
115,0,0.939326656289566,4.47840261459351,2.1612377166748,"1","1"
199,1,0.939333651249858,4.50996541976929,2.26434564590454,"1","1"
281,6,0.939340646210149,4.46157026290894,2.20590329170227,"1","1"
29,0,0.943250339267627,4.43024206161499,2.18100214004517,"1","1"
102,0,1.03392400023541,4.58624410629272,1.9560809135437,"1","1"
48,0,1.06230329291109,4.24602174758911,2.05453729629517,"1","1"
112,0,1.06633494310145,4.60267066955566,1.9122006893158,"1","1"
53,0,1.08144997079441,4.21471405029297,2.02619123458862,"1","1"
107,0,1.11316840997006,4.22803258895874,1.73752892017365,"1","1"
108,0,1.12384527826396,4.14964723587036,1.98366522789001,"1","1"
101,0,1.12843745613379,4.42196321487427,1.76886308193207,"1","1"
216,1,1.14377020996146,3.51628065109253,0.930160164833069,"1","1"
226,1,1.14377720492176,3.58589673042297,0.821872472763062,"1","1"
232,1,1.14378419988205,3.78671002388,0.364921897649765,"1","1"
228,1,1.14650300943824,3.70708727836609,0.397763550281525,"1","1"
120,0,1.14733738555253,4.12211942672729,2.0005247592926,"1","1"
36,0,1.16931687667821,3.83883857727051,0.00677319290116429,"1","1"
194,1,1.20037317475604,3.70644736289978,0.283552706241608,"1","1"
8,0,1.23519770765248,3.47823023796082,1.1807873249054,"1","1"
505,24,1.28092614043955,3.15962195396423,1.52938103675842,"1","1"
65,0,1.28903838420333,3.31928181648254,1.09759283065796,"1","1"
458,12,1.33750236274173,3.57625007629395,0.326452821493149,"1","1"
751,72,1.36886450814094,3.70256209373474,-0.0688131153583527,"1","1"
26,0,1.37305881527107,3.29573750495911,0.97797030210495,"1","1"
35,0,1.37527387434335,3.2127058506012,1.18870365619659,"1","1"
84,0,1.40732510131698,3.54563021659851,1.30715394020081,"1","1"
230,1,1.41940810458968,3.7446084022522,1.01056826114655,"1","1"
19,0,1.45349177605323,3.19984316825867,1.05381417274475,"1","1"
23,0,1.46718823218801,3.49391174316406,1.46927213668823,"1","1"
834,72,1.46938996197344,3.42665767669678,0.43099457025528,"1","1"
18,0,1.478963113618,3.16662907600403,1.08524000644684,"1","1"
62,0,1.51572078385209,3.96638917922974,2.51957702636719,"1","1"
81,0,1.51572777881238,4.04737663269043,2.52787923812866,"1","1"
57,0,1.51613141623684,4.1588659286499,2.52510213851929,"1","1"
86,0,1.5166511361748,3.18411040306091,0.958801686763763,"1","1"
117,0,1.51738612269547,4.15753364562988,2.47701978683472,"1","1"
42,0,1.51906163259285,4.16582012176514,2.42227911949158,"1","1"
7,0,1.51928194464156,4.13828277587891,2.38813281059265,"1","1"
262,6,1.52005554899891,4.07399988174438,2.29834175109863,"1","1"
4,0,1.52068740018071,3.89624238014221,2.10614466667175,"1","1"
14,0,1.5269277743458,4.07338047027588,2.02403664588928,"1","1"
93,0,1.52693476930609,3.89428353309631,1.82518327236176,"1","1"
481,24,1.56803611917575,3.61150336265564,1.42049121856689,"1","1"
779,72,1.62071036432437,3.05283403396606,0.900505363941193,"1","1"
92,0,1.65475194797315,3.13251709938049,0.795587956905365,"1","1"
27,0,1.69969261880825,3.02405643463135,0.980390608310699,"1","1"
20,0,1.72109962320509,2.87972545623779,1.30891668796539,"1","1"
414,12,1.72329643864438,2.82995271682739,1.23470032215118,"1","1"
2,0,1.73768918188108,2.95450305938721,0.886079549789429,"1","1"
12,0,1.73866355727602,3.73363208770752,1.47015511989594,"1","1"
34,0,1.73867055223631,3.75254082679749,1.50345623493195,"1","1"
49,0,1.73867754719661,3.75339961051941,1.51966321468353,"1","1"
50,0,1.7386845421569,3.82555103302002,1.71208333969116,"1","1"
83,0,1.73869153711719,3.64059615135193,1.67292940616608,"1","1"
440,12,1.74524787977889,2.45975470542908,1.42969346046448,"1","1"
74,0,1.82541473849909,3.38763976097107,0.31012350320816,"1","1"
46,0,1.92016419219112,3.55803847312927,2.46002554893494,"1","1"
575,24,1.96760482597269,3.58760952949524,2.52779054641724,"1","1"
783,72,2.10007042057316,2.77073740959167,0.706650078296661,"1","1"
450,12,2.11803169429073,2.21522879600525,1.3069760799408,"1","1"
287,6,2.16126915845965,3.73675179481506,2.64390730857849,"1","1"
90,0,2.17204922259594,3.77054929733276,2.506272315979,"1","1"
63,0,2.22665408832559,3.86352896690369,2.25121355056763,"1","1"
88,0,2.23030607376806,3.87555146217346,2.20132684707642,"1","1"
11,0,2.25787952244503,3.3751392364502,1.77092242240906,"1","1"
33,0,2.25788651740532,3.14525938034058,2.05763816833496,"1","1"
67,0,2.25789351236561,3.02958726882935,1.60984492301941,"1","1"
69,0,2.25790050732591,3.38574934005737,1.66475355625153,"1","1"
113,0,2.2579075022862,3.03566336631775,2.06139540672302,"1","1"
246,6,2.25791449724649,3.19744205474854,2.07726836204529,"1","1"
764,72,2.25792149220678,3.11918091773987,1.93824529647827,"1","1"
782,72,2.25792848716707,2.9390926361084,1.91731262207031,"1","1"
825,72,2.25793548212737,3.01629996299744,1.74921107292175,"1","1"
176,1,2.27955504155384,3.4749071598053,1.8581166267395,"1","1"
820,72,2.28339037853093,3.49596571922302,1.84220826625824,"1","1"
21,0,2.28462377528071,3.19748950004578,2.12133455276489,"1","1"
9,0,2.30585104563645,3.89928507804871,2.44123029708862,"1","1"
344,6,2.31548567142575,3.08174324035645,2.25894856452942,"1","1"
56,0,2.31776150326937,2.60443091392517,0.661205768585205,"1","1"
111,0,2.38039208104047,3.61542677879333,1.82472968101501,"1","1"
622,48,2.38123677033666,3.32425808906555,2.09667539596558,"1","1"
103,0,2.42541486204401,3.51087260246277,1.96560597419739,"1","1"
276,6,2.43769022713998,3.43231010437012,2.05062460899353,"1","1"
80,0,2.55581077385686,3.24494457244873,2.33929419517517,"1","1"
524,24,2.63066276228264,2.51557159423828,-0.0157504249364138,"1","1"
572,24,2.63066975724293,2.72176742553711,-0.270420044660568,"1","1"
808,72,2.63067675220322,2.83297514915466,-0.278774112462997,"1","1"
553,24,2.6436828847421,2.61631774902344,-0.259054630994797,"1","1"
470,12,2.66955027108326,2.38091468811035,0.202866658568382,"1","1"
931,96,2.70120840562348,2.28237700462341,0.304751574993134,"1","1"
905,96,2.71767943603573,2.09200310707092,0.461733669042587,"1","1"
472,12,2.74643535813583,2.04359221458435,0.52356219291687,"1","1"
394,12,2.74874481552216,2.00184774398804,0.556818187236786,"1","1"
459,12,2.76839758579441,2.36731314659119,-0.0485305264592171,"1","1"
78,0,2.78127212603335,3.49822425842285,2.35702586174011,"1","1"
592,24,2.78127912099364,3.4529595375061,2.43979740142822,"1","1"
871,96,2.79808684251017,2.13352179527283,0.502403080463409,"1","1"
421,12,2.7988464024806,1.98191428184509,0.616394639015198,"1","1"
805,72,2.81992182941616,2.09306764602661,0.552104711532593,"1","1"
909,96,2.83038893167201,2.90914487838745,-0.0485487692058086,"1","1"
953,96,2.8725619207415,2.30811452865601,-0.0950764417648315,"1","1"
864,96,2.8738741614168,2.40807390213013,0.364762485027313,"1","1"
388,12,2.9888026566957,2.11548233032227,0.685969889163971,"1","1"
699,48,3.02542896435861,3.26386094093323,-0.1397315710783,"1","1"
889,96,3.20206432198573,2.89119935035706,0.296365976333618,"1","1"
60,0,3.20295504724616,2.28611326217651,0.74943083524704,"1","1"
6,0,3.22659025959473,1.77351891994476,-0.0310833342373371,"1","1"
903,96,3.22841443896756,1.80084586143494,0.0515016429126263,"1","1"
881,96,3.23144259136048,1.65903496742249,0.012821682728827,"1","1"
939,96,3.23182070485011,1.76660442352295,0.125542223453522,"1","1"
407,12,3.23305498259584,1.76626694202423,0.163655027747154,"1","1"
561,24,3.23438822699286,1.01703357696533,-0.498986691236496,"1","1"
485,24,3.23667520291566,0.60886013507843,-0.811217308044434,"1","1"
519,24,3.23702418313878,0.740852952003479,-0.676454603672028,"1","1"
408,12,3.23752371644109,0.682086884975433,-0.716263294219971,"1","1"
412,12,3.24063537870466,1.56382656097412,0.209660723805428,"1","1"
435,12,3.24066054807149,1.65394306182861,0.294926255941391,"1","1"
461,12,3.24101865385809,1.51452612876892,0.174888923764229,"1","1"
437,12,3.24547745609925,1.50844752788544,0.308575659990311,"1","1"
828,72,3.24580287280404,1.7719395160675,0.566190659999847,"1","1"
543,24,3.24585877643641,1.627934217453,0.432378053665161,"1","1"
478,12,3.2460376656352,1.71481442451477,0.519415378570557,"1","1"
777,72,3.2489094605755,1.88713526725769,0.0462815314531326,"1","1"
839,72,3.25081630622281,2.98989319801331,0.266069650650024,"1","1"
43,0,3.25424044067825,2.46912908554077,0.658367097377777,"1","1"
900,96,3.27140681005619,2.51881146430969,0.636537373065948,"1","1"
879,96,3.31833365572263,1.47230339050293,-0.40968456864357,"1","1"
191,1,3.34337081656431,1.92612242698669,-0.134448155760765,"1","1"
501,24,3.34961734638405,1.62963509559631,-0.407530546188354,"1","1"
545,24,3.38808341286121,1.7373114824295,-0.437821179628372,"1","1"
597,24,3.39010597264963,1.28136193752289,-0.616648852825165,"1","1"
580,24,3.40974993095289,0.899810135364532,-0.799732089042664,"1","1"
484,24,3.4251846517096,0.841891527175903,-0.850707828998566,"1","1"
585,24,3.51351046453827,0.801573574542999,-1.03069579601288,"1","1"
531,24,3.51717860891098,0.262080132961273,-1.24466741085052,"1","1"
576,24,3.52403924457369,0.721857130527496,-1.08089029788971,"1","1"
901,96,3.52515141004324,1.71319997310638,-0.702297627925873,"1","1"
483,24,3.52877261256007,0.564857542514801,-1.14996480941772,"1","1"
770,72,3.54811653513757,2.58427929878235,-0.410574525594711,"1","1"
497,24,3.59516651357482,0.438607633113861,-1.32208406925201,"1","1"
540,24,3.59539867805077,0.16482849419117,-1.42762792110443,"1","1"
104,0,3.61654873516884,2.4174473285675,-0.602059900760651,"1","1"
498,24,3.61943584127255,1.95388305187225,-0.785421788692474,"1","1"
558,24,3.62726121544588,0.580299854278564,-1.32740676403046,"1","1"
654,48,4.49904211782491,2.21377229690552,-1.23951828479767,"1","1"
538,24,4.50319049840053,2.17325592041016,-1.24635076522827,"1","1"
495,24,4.56776586818444,2.10591864585876,-1.15973567962646,"1","1"
659,48,4.58395480747143,2.41309475898743,-1.02712726593018,"1","1"
583,24,4.58598576183152,1.91719245910645,-1.193403840065,"1","1"
681,48,4.63849237067441,2.13205909729004,-1.03070640563965,"1","1"
594,24,4.65599922004133,2.166428565979,-0.989223062992096,"1","1"
590,24,4.66921181641157,1.47617495059967,-1.20302259922028,"1","1"
719,48,4.692255154668,2.04499340057373,-0.96923041343689,"1","1"
899,96,4.69315769924523,2.59901833534241,-0.77810400724411,"1","1"
419,12,4.69631794708887,0.130863100290298,-0.720268666744232,"1","1"
578,24,4.69835614856201,2.01365828514099,-0.969616413116455,"1","1"
464,12,4.69993124645796,0.173481449484825,-0.614499092102051,"1","1"
655,48,4.71008119711085,2.11828708648682,-0.913907587528229,"1","1"
418,12,4.71620291058328,0.646223425865173,0.676320374011993,"1","1"
460,12,4.71715432795885,0.0565392002463341,-1.03897452354431,"1","1"
669,48,4.74585817000249,1.84703302383423,-0.945989429950714,"1","1"
526,24,4.74974367621103,0.111210264265537,-1.0417605638504,"1","1"
637,48,4.75290029026795,2.27931618690491,-0.786099851131439,"1","1"
482,24,4.76587956704832,0.129281759262085,-1.06922388076782,"1","1"
536,24,4.76767501510131,0.508382618427277,-1.36709034442902,"1","1"
420,12,4.76813668360145,0.509183585643768,0.0216897949576378,"1","1"
368,12,4.76887882910823,0.553689479827881,0.14715588092804,"1","1"
596,24,4.77200532422599,0.310485333204269,-1.42747473716736,"1","1"
468,12,4.79326097962294,0.463273227214813,-0.235863953828812,"1","1"
474,12,4.79489234542003,0.413497477769852,-0.388304173946381,"1","1"
423,12,4.82190263923429,0.417002141475677,-0.511885762214661,"1","1"
401,12,4.82648009106411,0.437725633382797,-0.474406540393829,"1","1"
446,12,4.83118946077322,0.18526603281498,-1.23005855083466,"1","1"
380,12,4.8352209501058,0.472745984792709,-0.416040360927582,"1","1"
366,12,4.83960945376342,0.412190467119217,-0.613407850265503,"1","1"
427,12,4.86206170442369,0.839064955711365,0.513741791248322,"1","1"
416,12,4.88415153492049,0.454205870628357,-0.712074398994446,"1","1"
379,12,4.91876085860099,0.588040411472321,-0.495219826698303,"1","1"
399,12,5.00198315514577,1.09272861480713,0.556663751602173,"1","1"
386,12,5.02717005041905,1.14103376865387,0.572075426578522,"1","1"
364,12,5.05517896795503,1.24661576747894,0.739664137363434,"1","1"
377,12,5.10067906075316,1.20597958564758,0.396453589200974,"1","1"
506,24,5.12629177299283,1.16960144042969,0.164098083972931,"1","1"
489,24,5.18787673751058,2.81408715248108,-1.05579078197479,"1","1"
443,12,5.19323119393622,1.56011283397675,0.625095367431641,"1","1"
925,96,5.19323818889651,1.4858216047287,0.610073268413544,"1","1"
493,24,5.19807296337009,2.79360485076904,-1.1671085357666,"1","1"
509,24,5.27324850688005,2.69170928001404,-1.3985767364502,"1","1"
696,48,5.29672395481235,2.69638729095459,-1.03350102901459,"1","1"
116,0,5.3071437690735,2.69191884994507,-0.949949204921722,"1","1"
568,24,5.3698222577717,-0.544407069683075,-0.0325689390301704,"1","1"
508,24,5.37921308058467,-0.0456623770296574,0.784367918968201,"1","1"
552,24,5.38546245357512,0.0585428588092327,0.931754469871521,"1","1"
707,48,5.41155789788509,0.0874467268586159,0.840091943740845,"1","1"
562,24,5.43697284211586,2.5310218334198,-1.16892290115356,"1","1"
406,12,5.446866627685,-0.472873985767365,-0.327176302671432,"1","1"
397,12,5.46865142254692,-0.0381088480353355,0.310967862606049,"1","1"
384,12,5.48794853704833,0.256346762180328,0.718458592891693,"1","1"
445,12,5.49042504851264,0.390006214380264,0.937637269496918,"1","1"
473,12,5.49844199964672,0.232593461871147,0.620092689990997,"1","1"
569,24,5.50208954870295,2.4578902721405,-1.18810045719147,"1","1"
451,12,5.51461081980772,0.275555789470673,0.60691499710083,"1","1"
337,6,5.53043071178141,0.548361599445343,0.995649099349976,"1","1"
431,12,5.53205307867724,0.349605113267899,0.640948593616486,"1","1"
555,24,5.54463424238083,2.39513540267944,-1.3801201581955,"1","1"
454,12,5.56663457044165,0.594148993492126,0.878401100635529,"1","1"
405,12,5.58672908962552,0.690374791622162,0.936559081077576,"1","1"
376,12,5.60985849417526,-0.221315160393715,-0.92527848482132,"1","1"
400,12,5.60986548913556,0.164284810423851,-0.489374309778214,"1","1"
403,12,5.60987248409585,-0.038555383682251,-0.794168293476105,"1","1"
409,12,5.60987947905614,-0.0209190621972084,-1.05429327487946,"1","1"
417,12,5.60988647401643,0.0365596786141396,-0.810265481472015,"1","1"
422,12,5.60989346897672,-0.208942905068398,-0.883719384670258,"1","1"
426,12,5.60990046393701,-0.0748541727662086,-0.533989012241364,"1","1"
438,12,5.60990745889731,-0.16835717856884,-1.00874376296997,"1","1"
448,12,5.6099144538576,-0.124258480966091,-1.19319474697113,"1","1"
456,12,5.60992144881789,-0.05099992826581,-0.976765990257263,"1","1"
523,24,5.62875591724911,2.31286358833313,-1.2586042881012,"1","1"
535,24,5.6937537418437,2.09267234802246,-1.48425579071045,"1","1"
547,24,5.693760736804,2.13402390480042,-1.64976441860199,"1","1"
548,24,5.69376773176429,2.12654328346252,-1.41537117958069,"1","1"
559,24,5.69377472672458,2.1407732963562,-1.3533753156662,"1","1"
570,24,5.69378172168487,1.94263398647308,-1.5615781545639,"1","1"
571,24,5.69378871664516,2.0727379322052,-1.55861127376556,"1","1"
581,24,5.69379571160546,2.10709476470947,-1.42061567306519,"1","1"
684,48,5.69380270656575,2.18129062652588,-1.42623937129974,"1","1"
697,48,5.69380970152604,1.78629124164581,-1.62474477291107,"1","1"
704,48,5.69381669648633,1.61879849433899,-1.69897305965424,"1","1"
256,6,6.02565587511324,3.8907458782196,-1.61144185066223,"2","2"
343,6,6.02692421449031,3.92482423782349,-1.56006824970245,"2","2"
45,0,6.0473969926633,4.04665422439575,-0.463022887706757,"1","1"
132,1,6.05486630823151,3.80468678474426,-1.91996824741364,"2","2"
297,6,6.05532388795351,3.88018560409546,-1.79321146011353,"2","2"
208,1,6.05615244513508,3.81249976158142,-1.91361737251282,"2","2"
243,6,6.06980976756903,0.201571851968765,2.80497002601624,"1","1"
244,6,6.06981676252932,0.00829207617789507,2.87666702270508,"1","1"
245,6,6.06982375748961,0.636961579322815,2.74382495880127,"1","1"
252,6,6.0698307524499,0.612399041652679,2.91922092437744,"1","1"
254,6,6.06983774741019,0.384579658508301,2.72286534309387,"1","1"
259,6,6.06984474237049,1.01907515525818,2.27535843849182,"1","1"
260,6,6.06985173733078,0.947466909885406,2.37938642501831,"1","1"
261,6,6.06985873229107,-0.0522627346217632,2.76218056678772,"1","1"
267,6,6.06986572725136,0.393250495195389,2.40549087524414,"1","1"
268,6,6.06987272221165,0.575770735740662,2.09895277023315,"1","1"
269,6,6.06987971717195,0.424653768539429,2.93385124206543,"1","1"
270,6,6.06988671213224,0.202414005994797,2.24285674095154,"1","1"
271,6,6.06989370709253,0.41904228925705,2.93951773643494,"1","1"
273,6,6.06990070205282,0.991572141647339,2.07160568237305,"1","1"
275,6,6.06990769701311,0.837594628334045,2.98141193389893,"1","1"
277,6,6.06991469197341,0.30184018611908,2.33016109466553,"1","1"
278,6,6.0699216869337,0.476578086614609,2.72332215309143,"1","1"
288,6,6.06992868189399,0.727356731891632,2.56786417961121,"1","1"
291,6,6.06993567685428,0.573086857795715,2.6636176109314,"1","1"
292,6,6.06994267181457,0.121536299586296,2.31589341163635,"1","1"
294,6,6.06994966677486,0.214406803250313,2.43164587020874,"1","1"
302,6,6.06995666173516,0.851702570915222,2.32706117630005,"1","1"
303,6,6.06996365669545,0.649925529956818,2.76754760742188,"1","1"
304,6,6.06997065165574,0.349887728691101,2.93277716636658,"1","1"
306,6,6.06997764661603,-0.132419988512993,2.83184695243835,"1","1"
307,6,6.06998464157632,0.425166189670563,2.42844748497009,"1","1"
308,6,6.06999163653662,0.275903910398483,2.63700127601624,"1","1"
309,6,6.06999863149691,0.605573415756226,2.02929401397705,"1","1"
310,6,6.0700056264572,0.643630087375641,2.97760581970215,"1","1"
311,6,6.07001262141749,0.69436240196228,2.59384894371033,"1","1"
313,6,6.07001961637778,0.97322279214859,2.27666687965393,"1","1"
314,6,6.07002661133808,1.06031513214111,2.31673240661621,"1","1"
320,6,6.07003360629837,-0.112856715917587,1.81292772293091,"1","1"
322,6,6.07004060125866,0.0365161336958408,2.93224167823792,"1","1"
326,6,6.07004759621895,0.496268391609192,2.7174756526947,"1","1"
328,6,6.07005459117924,-0.315207809209824,2.93540334701538,"1","1"
330,6,6.07006158613954,0.154727175831795,2.97300148010254,"1","1"
332,6,6.07006858109983,0.858687400817871,2.30490446090698,"1","1"
334,6,6.07007557606012,0.518369913101196,2.72067165374756,"1","1"
335,6,6.07008257102041,0.398778975009918,2.15054559707642,"1","1"
336,6,6.0700895659807,-0.222912013530731,2.89365935325623,"1","1"
338,6,6.07009656094099,1.11515033245087,2.19718813896179,"1","1"
340,6,6.07010355590129,-0.11168098449707,2.04008412361145,"1","1"
346,6,6.07011055086158,0.685425817966461,2.10601878166199,"1","1"
347,6,6.07011754582187,0.11440060287714,2.83974885940552,"1","1"
350,6,6.07012454078216,0.117570847272873,2.36551260948181,"1","1"
357,6,6.07013153574245,0.996572852134705,2.12392973899841,"1","1"
359,6,6.07013853070275,0.306455701589584,2.24418425559998,"1","1"
436,12,6.07014552566304,0.0365214087069035,1.96478044986725,"1","1"
452,12,6.07015252062333,-0.149291351437569,1.91349077224731,"1","1"
465,12,6.07015951558362,-0.0123864691704512,2.30017709732056,"1","1"
500,24,6.07016651054391,0.424097329378128,1.89746594429016,"1","1"
434,12,6.09551339131564,0.21419557929039,1.71802008152008,"1","1"
599,24,6.09604190332786,3.7553026676178,-2.23173689842224,"2","2"
319,6,6.11055215501293,-0.206729382276535,1.75954806804657,"1","1"
312,6,6.13939763383,0.811532914638519,1.80348265171051,"1","1"
169,1,6.14435772294542,4.24034357070923,-1.66813707351685,"2","2"
128,1,6.14536897564838,3.98877048492432,-2.1043438911438,"2","2"
165,1,6.14651144523281,3.9793689250946,-2.12670755386353,"2","2"
145,1,6.14849605079193,4.33413219451904,-1.53031587600708,"2","2"
163,1,6.150722915398,4.28100776672363,-1.63351500034332,"2","2"
247,6,6.15309675857471,-0.25927597284317,1.86308169364929,"1","1"
124,1,6.15680589028422,4.1579647064209,-1.87769711017609,"2","2"
215,1,6.16295424244668,3.96372842788696,-2.24411416053772,"2","2"
157,1,6.17181060873028,4.03381252288818,-2.17299938201904,"2","2"
274,6,6.186591771216,0.734380900859833,1.71804022789001,"1","1"
355,6,6.20027757188005,-0.447767227888107,2.90746140480042,"1","1"
342,6,6.21104475521862,-0.432479739189148,2.72963523864746,"1","1"
187,1,6.22810682036204,-0.506556212902069,3.14954805374146,"1","1"
293,6,6.25188072598671,-0.429580420255661,2.44831967353821,"1","1"
367,12,6.3065688687652,-0.384289592504501,1.27343022823334,"1","1"
546,24,6.34328135717883,2.86948895454407,-1.46099865436554,"1","1"
667,48,6.35574079746817,3.25224423408508,-0.60110729932785,"1","1"
224,1,6.36737513301155,3.03746914863586,-0.969582438468933,"1","1"
463,12,6.42918404685149,-0.363913744688034,1.1058543920517,"1","1"
266,6,6.44373245159489,-0.653040945529938,2.81870985031128,"1","1"
298,6,6.45027840564908,-0.60127580165863,2.40743637084961,"1","1"
432,12,6.47547168091442,-0.21234405040741,1.07806253433228,"1","1"
429,12,6.4911806857993,-0.315665632486343,1.03049218654633,"1","1"
441,12,6.49348084150759,-0.189731478691101,1.05830383300781,"1","1"
305,6,6.53277538019267,-0.7349454164505,2.83500218391418,"1","1"
476,12,6.55935170387812,0.0764394551515579,1.03119075298309,"1","1"
369,12,6.58735293030453,-0.451636433601379,0.814514338970184,"1","1"
584,24,6.58735992526483,-0.636889815330505,0.654013454914093,"1","1"
453,12,6.64287654003918,-0.646937429904938,1.50388336181641,"1","1"
563,24,6.74677753723363,-0.84363466501236,1.27103459835052,"1","1"
467,12,6.81373949684181,-0.757446587085724,1.20196497440338,"1","1"
444,12,6.82470638425522,-0.911440968513489,1.54877531528473,"1","1"
301,6,6.84695753115124,-0.926912903785706,1.70145058631897,"1","1"
341,6,6.8633236554211,-0.880667388439178,2.90240216255188,"1","1"
248,6,6.86454549732598,-0.886773765087128,2.81133913993835,"1","1"
360,6,6.87010201369202,-0.921351611614227,2.26908874511719,"1","1"
282,6,6.8966608630685,-0.920968949794769,2.80747127532959,"1","1"
315,6,6.90068972067151,-0.980353653430939,1.76599526405334,"1","1"
589,24,6.93479003620638,-1.03062570095062,1.49824142456055,"1","1"
253,6,6.95994808474759,-1.01760709285736,2.24732756614685,"1","1"
241,6,6.96345706854229,-1.00398755073547,2.5746910572052,"1","1"
325,6,6.97282342475743,-1.0106109380722,2.63678622245789,"1","1"
264,6,7.00128766827259,-1.04234516620636,2.6065137386322,"1","1"
139,1,7.034027569768,4.5582857131958,-2.39815282821655,"2","2"
239,1,7.03403456472829,4.55690622329712,-2.38444423675537,"2","2"
142,1,7.03865204441621,4.61492443084717,-2.40339827537537,"2","2"
250,6,7.05125562782744,-1.10580134391785,2.40709972381592,"1","1"
219,1,7.06258737131632,4.56789112091064,-2.13057613372803,"2","2"
204,1,7.0734056126438,4.58795928955078,-2.01750183105469,"2","2"
233,1,7.07990577307331,4.45125436782837,-2.38889956474304,"2","2"
196,1,7.08207045847764,4.51661968231201,-2.18512439727783,"2","2"
212,1,7.08360296186321,4.4632043838501,-2.33527708053589,"2","2"
167,1,7.09543274527292,4.67170381546021,-2.47195529937744,"2","2"
318,6,7.09658495167045,-1.16710650920868,2.15553092956543,"1","1"
198,1,7.10919429892591,4.60626745223999,-1.78544783592224,"2","2"
189,1,7.11134354588045,4.68735027313232,-1.95138037204742,"2","2"
200,1,7.11380001224505,4.43086624145508,-2.28055191040039,"2","2"
424,12,7.1195483550412,-1.2262921333313,1.49658966064453,"1","1"
206,1,7.12002829527106,4.69611835479736,-2.14834451675415,"2","2"
143,1,7.12116130426428,4.56926441192627,-1.83523273468018,"2","2"
211,1,7.1246725351755,4.38724184036255,-2.35533833503723,"2","2"
154,1,7.12495358228166,4.34302949905396,-2.48454165458679,"2","2"
385,12,7.1356081589264,-1.24199140071869,1.52111613750458,"1","1"
251,6,7.15096624353473,-1.19013607501984,2.80788636207581,"1","1"
202,1,7.15422597467648,4.4242205619812,-2.0991108417511,"2","2"
331,6,7.16229892697312,-1.23939204216003,2.10387682914734,"1","1"
258,6,7.16476197032053,-1.21807682514191,2.55570816993713,"1","1"
141,1,7.18450844057107,4.27477931976318,-2.38975310325623,"2","2"
374,12,7.21552000860758,-1.28817415237427,2.24663066864014,"1","1"
263,6,7.21799806512463,-1.25657248497009,2.89310002326965,"1","1"
280,6,7.23346872610348,-1.28886771202087,2.59230041503906,"1","1"
172,1,7.24381038085898,4.2106146812439,-2.28412318229675,"2","2"
193,1,7.2485343267578,4.16630363464355,-2.39150500297546,"2","2"
170,1,7.26160386597902,4.10124921798706,-2.51860857009888,"2","2"
217,1,7.26588787247086,4.39657354354858,-1.62517321109772,"2","2"
231,1,7.26650418882192,4.39078283309937,-1.63924157619476,"2","2"
257,6,7.27009821723055,-1.35569822788239,2.06230878829956,"1","1"
265,6,7.27853326118623,-1.31799805164337,2.94316053390503,"1","1"
164,1,7.27892111922195,4.30563306808472,-1.82893860340118,"2","2"
162,1,7.28066197977796,4.20066165924072,-2.13030910491943,"2","2"
242,6,7.29072576528465,-1.68165290355682,2.27314877510071,"1","1"
249,6,7.29073276024494,-1.52469956874847,3.11550760269165,"1","1"
272,6,7.29073975520523,-1.69520080089569,2.96471357345581,"1","1"
279,6,7.29074675016553,-1.75353932380676,2.37204837799072,"1","1"
283,6,7.29075374512582,-2.09804558753967,2.7759804725647,"1","1"
284,6,7.29076074008611,-1.46627759933472,2.3123254776001,"1","1"
285,6,7.2907677350464,-1.43209910392761,3.09379029273987,"1","1"
286,6,7.29077473000669,-1.45208370685577,2.71202182769775,"1","1"
290,6,7.29078172496699,-2.07737898826599,2.63552212715149,"1","1"
295,6,7.29078871992728,-2.09457206726074,2.45934367179871,"1","1"
296,6,7.29079571488757,-1.52195918560028,3.05384492874146,"1","1"
299,6,7.29080270984786,-1.66643512248993,2.99717307090759,"1","1"
300,6,7.29080970480815,-1.56847417354584,2.13146209716797,"1","1"
321,6,7.29081669976845,-1.67846632003784,2.23363518714905,"1","1"
324,6,7.29082369472874,-2.17077112197876,2.47247886657715,"1","1"
329,6,7.29083068968903,-1.60799300670624,3.00063753128052,"1","1"
333,6,7.29083768464932,-1.48399531841278,2.53945350646973,"1","1"
339,6,7.29084467960961,-1.46166849136353,1.96925675868988,"1","1"
348,6,7.2908516745699,-1.48259651660919,2.15582990646362,"1","1"
349,6,7.2908586695302,-1.48274624347687,2.57674717903137,"1","1"
352,6,7.29086566449049,-1.7070107460022,3.02054214477539,"1","1"
354,6,7.29087265945078,-1.48423373699188,1.73581433296204,"1","1"
356,6,7.29087965441107,-1.72854101657867,2.71387839317322,"1","1"
358,6,7.29088664937136,-2.03320980072021,2.60078930854797,"1","1"
382,12,7.29089364433166,-1.51868939399719,2.51017546653748,"1","1"
411,12,7.29090063929195,-1.85584008693695,2.9486403465271,"1","1"
413,12,7.29090763425224,-1.68895900249481,1.88438498973846,"1","1"
415,12,7.29091462921253,-1.38965427875519,2.63154315948486,"1","1"
471,12,7.29092162417282,-1.56297314167023,2.36531043052673,"1","1"
494,24,7.29092861913312,-1.43815398216248,3.08074426651001,"1","1"
499,24,7.29093561409341,-2.06711053848267,2.65082859992981,"1","1"
514,24,7.2909426090537,-2.41582942008972,2.47182416915894,"1","1"
516,24,7.29094960401399,-2.03663992881775,2.80013513565063,"1","1"
565,24,7.29095659897428,-1.77145051956177,2.90383362770081,"1","1"
956,96,7.29096359393457,-1.80575180053711,2.79115843772888,"1","1"
152,1,7.29247724463557,4.86808824539185,-1.33656442165375,"2","2"
179,1,7.31618998785026,4.2612099647522,-1.77470505237579,"2","2"
210,1,7.32367396573297,4.14678382873535,-2.07541275024414,"2","2"
184,1,7.33863603620627,4.03204727172852,-2.3055624961853,"2","2"
195,1,7.34088574350529,4.91694927215576,-2.34283351898193,"2","2"
173,1,7.45703446502893,5.03309488296509,-2.46696090698242,"2","2"
390,12,7.95179385083755,-2.6229190826416,1.42659759521484,"1","1"
567,24,7.95180084579784,-2.24030351638794,1.16113197803497,"1","1"
541,24,7.97547054590716,-2.09131908416748,1.10485398769379,"1","1"
564,24,8.03158055485479,-1.8947913646698,1.04587018489838,"1","1"
694,48,8.03841101764734,-2.54056453704834,1.05222070217133,"1","1"
381,12,8.08884772634171,-2.00015735626221,0.991855382919312,"1","1"
365,12,8.1410125302342,-1.55598521232605,1.07924556732178,"1","1"
521,24,8.15893301408602,-1.97460663318634,1.45545303821564,"1","1"
702,48,8.17417692471794,-1.87794733047485,0.905719995498657,"1","1"
410,12,8.19291716117162,-1.57085382938385,1.14051592350006,"1","1"
171,1,8.25647494495113,5.83614730834961,-1.73930418491364,"2","2"
174,1,8.25648193991142,5.95392322540283,-1.67984890937805,"2","2"
188,1,8.25648893487172,5.89601850509644,-1.58132886886597,"2","2"
588,24,8.25799071655113,-1.93222999572754,1.51164245605469,"1","1"
551,24,8.27837836425459,-2.42841291427612,1.95675683021545,"1","1"
180,1,8.27908072729833,5.77558517456055,-1.92748665809631,"2","2"
177,1,8.28538537683001,6.02380084991455,-1.90034294128418,"2","2"
510,24,8.29673393088198,-2.52332091331482,2.05540347099304,"1","1"
151,1,8.30365945209112,5.94763708114624,-2.1351535320282,"2","2"
235,1,8.30993408366436,6.15029001235962,-1.87939810752869,"2","2"
213,1,8.31244894726952,6.10038328170776,-1.96962809562683,"2","2"
433,12,8.31450637733169,-1.54050624370575,1.22808194160461,"1","1"
134,1,8.3168261227247,6.14689016342163,-1.93065142631531,"2","2"
396,12,8.32556131584281,-1.86731541156769,1.51903438568115,"1","1"
155,1,8.34681721796287,6.17025756835938,-2.09794616699219,"2","2"
425,12,8.35111554520506,-1.29113662242889,1.04815828800201,"1","1"
168,1,8.35672053967643,6.10309219360352,-2.26323485374451,"2","2"
122,1,8.38345141213863,5.6823263168335,-1.90925931930542,"2","2"
398,12,8.41510830334807,-1.49311995506287,1.28140652179718,"1","1"
220,1,8.48744486978625,5.62375211715698,-2.02813124656677,"2","2"
323,6,8.49476797717536,-2.01054215431213,1.80016112327576,"1","1"
183,1,8.52404897176437,5.54202842712402,-1.82616603374481,"2","2"
351,6,8.56912897498456,-1.09221768379211,0.502567112445831,"1","1"
136,1,8.56925375400567,5.56785774230957,-2.08245539665222,"2","2"
462,12,8.57292266183181,-1.20112705230713,0.501053333282471,"1","1"
353,6,8.65892869003139,-2.41341114044189,2.29953503608704,"1","1"
363,12,8.69024411790226,-0.830748081207275,-0.397374719381332,"1","1"
371,12,8.69025111286255,-0.920690476894379,-0.42693766951561,"1","1"
372,12,8.69025810782284,-0.758505761623383,-0.41821563243866,"1","1"
477,12,8.69026510278313,-0.971975445747375,0.243913859128952,"1","1"
480,12,8.69027209774342,-0.602931022644043,-0.630516052246094,"1","1"
520,24,8.69027909270371,-1.27292847633362,0.164728939533234,"1","1"
532,24,8.690286087664,-1.04792463779449,0.174573913216591,"1","1"
534,24,8.69029308262429,-1.48328745365143,0.0568426065146923,"1","1"
752,72,8.69030007758458,-1.18374562263489,0.058031365275383,"1","1"
869,96,8.69030707254488,-1.07100749015808,0.180901303887367,"1","1"
430,12,8.70972112272488,-1.0658153295517,-0.397626101970673,"1","1"
127,1,8.7120642147992,6.49138736724854,-2.13391304016113,"2","2"
130,1,8.71207120975949,6.43149185180664,-2.06935596466064,"2","2"
144,1,8.71207820471978,6.42715454101562,-2.10904383659363,"2","2"
146,1,8.71208519968007,6.44608974456787,-2.26640558242798,"2","2"
149,1,8.71209219464036,6.37075281143188,-2.08185648918152,"2","2"
185,1,8.71209918960065,6.41152858734131,-2.35939121246338,"2","2"
207,1,8.71210618456094,6.37596702575684,-2.0807523727417,"2","2"
178,1,8.7122428892596,5.38309144973755,-1.83008277416229,"2","2"
823,72,8.73319539381769,-1.57149076461792,0.0853690877556801,"1","1"
236,1,8.73876014872241,5.46023178100586,-2.22772407531738,"2","2"
378,12,8.74027979664118,-1.58016061782837,1.66006970405579,"1","1"
317,6,8.77388093899293,-1.91699695587158,1.98070657253265,"1","1"
229,1,8.81822095455429,6.4070782661438,-2.47184109687805,"2","2"
140,1,8.83429600468207,6.47930431365967,-2.52404761314392,"2","2"
133,1,8.84776752603741,6.32697200775146,-2.45362758636475,"2","2"
137,1,8.85528809985573,5.42309617996216,-2.47462511062622,"2","2"
218,1,8.86103737818419,5.25025844573975,-1.80453896522522,"2","2"
289,6,8.86689374576675,-1.95428085327148,0.334971159696579,"1","1"
792,72,8.8707886097851,-1.62355065345764,-0.000176993809873238,"1","1"
951,96,8.87493903417401,-1.19000422954559,-0.438560962677002,"1","1"
201,1,8.88600197500938,5.33909606933594,-2.24358367919922,"2","2"
125,1,8.88750265341687,5.32670545578003,-2.199214220047,"2","2"
723,72,8.91757374456888,-1.55289196968079,-0.117756702005863,"1","1"
135,1,8.91830912262105,5.34823560714722,-2.38953495025635,"2","2"
225,1,8.93089862943787,5.30326700210571,-2.25278806686401,"2","2"
768,72,8.93488508747691,-1.17324149608612,-0.515330255031586,"1","1"
159,1,8.94112367157008,6.26243686676025,-2.49725294113159,"2","2"
205,1,8.98186595804754,5.94527769088745,-2.36128282546997,"2","2"
733,72,8.98250079086932,-2.0558078289032,0.320995688438416,"1","1"
361,12,9.01675084310013,-1.05390059947968,-0.716778337955475,"1","1"
129,1,9.09787676558301,6.24595403671265,-2.61978125572205,"2","2"
221,1,9.12051542814324,6.29610443115234,-2.66564846038818,"2","2"
729,72,9.12134943891824,-1.67098033428192,-0.203390344977379,"1","1"
181,1,9.12560245681214,6.33688592910767,-2.69177985191345,"2","2"
813,72,9.13025061355357,-1.3406480550766,-0.543150246143341,"1","1"
730,72,9.13359974212936,-1.88475048542023,-0.00152564269956201,"1","1"
234,1,9.15704582185741,6.25787734985352,-2.67575073242188,"2","2"
121,1,9.15784665451417,6.04095697402954,-2.56006836891174,"2","2"
789,72,9.16129570012033,-1.49469172954559,-0.419916957616806,"1","1"
123,1,9.17131030719585,5.67327117919922,-2.65988540649414,"2","2"
131,1,9.17131730215614,5.88072156906128,-2.72025156021118,"2","2"
147,1,9.17132429711643,6.05187463760376,-2.74201846122742,"2","2"
150,1,9.17133129207672,6.2947826385498,-2.708336353302,"2","2"
156,1,9.17133828703701,5.6956639289856,-2.52956748008728,"2","2"
161,1,9.1713452819973,5.94493770599365,-2.58187866210938,"2","2"
182,1,9.17135227695759,5.81478691101074,-2.5874969959259,"2","2"
190,1,9.17135927191788,5.68885231018066,-2.50242304801941,"2","2"
192,1,9.17136626687817,5.86368417739868,-2.70513272285461,"2","2"
203,1,9.17137326183846,6.27586793899536,-2.7634699344635,"2","2"
209,1,9.17138025679876,5.95902967453003,-2.58626937866211,"2","2"
237,1,9.17138725175905,5.68759965896606,-2.61945080757141,"2","2"
238,1,9.17139424671934,5.95587778091431,-2.67666029930115,"2","2"
850,96,9.18788616570809,-1.30454075336456,-0.636975586414337,"1","1"
872,96,9.19927108124153,-1.99327754974365,0.0414716489613056,"1","1"
755,72,9.20748320785955,-2.08467149734497,0.12479954957962,"1","1"
944,96,9.26723468093634,-2.0569748878479,0.037266694009304,"1","1"
727,72,9.29820905822422,-1.30626118183136,-0.745635271072388,"1","1"
539,24,9.30948279377649,-1.11321187019348,-0.950267910957336,"1","1"
818,72,9.34051068769942,-2.00970649719238,-0.0833904445171356,"1","1"
887,96,9.36767952140058,-2.32097721099854,0.201192751526833,"1","1"
913,96,9.39281671564765,-2.08203172683716,-0.0632837042212486,"1","1"
863,96,9.39788813582619,-2.19505834579468,0.0448545478284359,"1","1"
765,72,9.43584640202707,-2.1708607673645,-0.0173631180077791,"1","1"
955,96,9.44216470640053,-1.46866691112518,-0.726992189884186,"1","1"
504,24,9.93083854797999,-2.80248188972473,-0.27405771613121,"1","1"
776,72,9.99090106289455,-2.72200489044189,-0.0775299891829491,"1","1"
941,96,9.99986781981943,-2.99681925773621,-0.328519821166992,"1","1"
722,72,10.0539452031503,-2.6951892375946,-0.00356532586738467,"1","1"
793,72,10.1065548098205,-2.56108951568604,-0.264369904994965,"1","1"
788,72,10.1472244259876,-2.5979528427124,-0.491081088781357,"1","1"
959,96,10.1653943589009,-2.46047973632812,-0.413533866405487,"1","1"
428,12,10.1822748238367,-2.74654006958008,0.452796041965485,"1","1"
934,96,10.2532920363808,-2.82690358161926,-0.578732013702393,"1","1"
910,96,10.2809564416509,-2.34871935844421,-0.458691358566284,"1","1"
527,24,10.2822716870226,-2.31450700759888,-0.554315268993378,"1","1"
743,72,10.3259784318472,-2.78569507598877,-0.650066137313843,"1","1"
952,96,10.3670690540735,-2.77369379997253,-0.689746856689453,"1","1"
906,96,10.3878034489083,-2.83354210853577,-0.706017136573792,"1","1"
732,72,10.4162423974641,-3.68242740631104,-0.550361096858978,"1","1"
775,72,10.4162493924244,-3.63540077209473,-0.66708242893219,"1","1"
835,72,10.4162563873847,-3.70876145362854,-0.568307816982269,"1","1"
647,48,10.4163420910537,-3.60487031936646,-0.249127492308617,"1","1"
636,48,10.4164353008627,-3.57088899612427,-0.208329766988754,"1","1"
639,48,10.4174207014226,-3.4501314163208,-0.0183813739567995,"1","1"
690,48,10.4177276045153,-3.53941011428833,-0.0903441980481148,"1","1"
933,96,10.4183502753076,-3.38773131370544,0.10720706731081,"1","1"
677,48,10.4185922476625,-3.44016242027283,0.0688829198479652,"1","1"
725,72,10.4186928991651,-3.83659386634827,-0.333501607179642,"1","1"
692,48,10.4189185772494,-3.43309116363525,-0.226460993289948,"1","1"
656,48,10.4199669612802,-3.45398545265198,0.145684480667114,"1","1"
717,48,10.4201770383686,-3.57094812393188,0.0387053675949574,"1","1"
708,48,10.420432541423,-3.28260040283203,0.352569907903671,"1","1"
608,48,10.4211633900599,-3.89532232284546,-0.230603575706482,"1","1"
795,72,10.4213685561678,-3.77912330627441,-0.0975624248385429,"1","1"
718,48,10.4228278226875,-3.83806133270264,-0.0611407421529293,"1","1"
749,72,10.4232051259745,-4.17121410369873,-0.379784315824509,"1","1"
641,48,10.4248340970759,-3.36548590660095,-0.101132199168205,"1","1"
712,48,10.425024268495,-3.26171779632568,0.67900413274765,"1","1"
671,48,10.4253613508685,-3.50282406806946,0.452553063631058,"1","1"
922,96,10.4256728221621,-4.06963634490967,-0.111357592046261,"1","1"
886,96,10.4259829746414,-3.15093231201172,0.855950713157654,"1","1"
507,24,10.4260143007295,-4.0439395904541,-0.0629553496837616,"1","1"
710,48,10.4260745899615,-4.19042587280273,-0.210390955209732,"1","1"
800,72,10.4265175094145,-4.25495910644531,-0.247744217514992,"1","1"
214,1,10.4265450923095,-4.41601228713989,1.77884018421173,"1","1"
316,6,10.4265520872698,-3.26716184616089,1.01611030101776,"1","1"
442,12,10.42655908223,-3.77201652526855,0.716769576072693,"1","1"
537,24,10.4265660771903,-4.85370683670044,-0.168682649731636,"1","1"
577,24,10.4265730721506,-4.83734035491943,-0.240131363272667,"1","1"
598,24,10.4265800671109,-3.03139567375183,1.04655802249908,"1","1"
605,48,10.4265870620712,-3.96106433868408,1.10939419269562,"1","1"
609,48,10.4265940570315,-4.31716251373291,-0.219966888427734,"1","1"
613,48,10.4266010519918,-3.66580247879028,1.14553868770599,"1","1"
619,48,10.4266080469521,-3.89897203445435,1.48467195034027,"1","1"
634,48,10.4266150419124,-4.15415477752686,1.56112444400787,"1","1"
643,48,10.4266220368727,-3.93557834625244,0.745704293251038,"1","1"
650,48,10.426629031833,-3.97369027137756,0.0874809846282005,"1","1"
660,48,10.4266360267932,-3.7501814365387,0.305518388748169,"1","1"
661,48,10.4266430217535,-3.70606970787048,0.407556414604187,"1","1"
666,48,10.4266500167138,-3.95527839660645,1.22693717479706,"1","1"
679,48,10.4266570116741,-4.08359336853027,1.26129460334778,"1","1"
682,48,10.4266640066344,-4.30768632888794,1.41251301765442,"1","1"
686,48,10.4266710015947,-4.74048948287964,0.0841191560029984,"1","1"
689,48,10.426677996555,-4.62364673614502,1.49269938468933,"1","1"
691,48,10.4266849915153,-3.51726603507996,0.741097271442413,"1","1"
698,48,10.4266919864756,-4.05124998092651,1.29538750648499,"1","1"
705,48,10.4266989814359,-3.25976490974426,0.794248282909393,"1","1"
709,48,10.4267059763962,-4.57731771469116,1.78649246692657,"1","1"
715,48,10.4267129713564,-4.75873231887817,1.38399028778076,"1","1"
721,72,10.4267199663167,-4.75297069549561,1.40559375286102,"1","1"
731,72,10.426726961277,-3.92108154296875,1.155233502388,"1","1"
738,72,10.4267339562373,-4.81535863876343,1.31480026245117,"1","1"
740,72,10.4267409511976,-4.76360750198364,0.111934520304203,"1","1"
742,72,10.4267479461579,-4.50076913833618,0.916349470615387,"1","1"
746,72,10.4267549411182,-3.60929298400879,0.462313085794449,"1","1"
748,72,10.4267619360785,-4.22503900527954,0.646380484104156,"1","1"
750,72,10.4267689310388,-4.90190076828003,0.357140123844147,"1","1"
756,72,10.4267759259991,-4.35566425323486,1.08027100563049,"1","1"
757,72,10.4267829209594,-4.32107877731323,0.19030287861824,"1","1"
758,72,10.4267899159196,-4.83219861984253,0.847804367542267,"1","1"
759,72,10.4267969108799,-3.31747698783875,0.950871765613556,"1","1"
760,72,10.4268039058402,-3.44615626335144,0.925412774085999,"1","1"
761,72,10.4268109008005,-4.78625440597534,0.500553607940674,"1","1"
762,72,10.4268178957608,-4.02524948120117,0.367986053228378,"1","1"
769,72,10.4268248907211,-4.78181219100952,1.22916615009308,"1","1"
774,72,10.4268318856814,-4.05109262466431,-0.0348847657442093,"1","1"
780,72,10.4268388806417,-4.06770610809326,1.26322555541992,"1","1"
784,72,10.426845875602,-4.1684947013855,1.44853270053864,"1","1"
785,72,10.4268528705623,-3.70043706893921,0.904618501663208,"1","1"
786,72,10.4268598655226,-4.47962474822998,0.0825487598776817,"1","1"
799,72,10.4268668604828,-4.55630970001221,0.854931652545929,"1","1"
804,72,10.4268738554431,-4.77136373519897,1.6016937494278,"1","1"
810,72,10.4268808504034,-3.92833232879639,0.49114516377449,"1","1"
811,72,10.4268878453637,-4.80134677886963,0.801641225814819,"1","1"
816,72,10.426894840324,-4.23426580429077,1.19797158241272,"1","1"
822,72,10.4269018352843,-4.5651068687439,1.57000041007996,"1","1"
824,72,10.4269088302446,-4.09287595748901,1.20663738250732,"1","1"
827,72,10.4269158252049,-4.31074857711792,0.0876264497637749,"1","1"
836,72,10.4269228201652,-4.12482690811157,0.169149786233902,"1","1"
842,96,10.4269298151255,-4.70368814468384,0.945899844169617,"1","1"
845,96,10.4269368100858,-4.76167154312134,0.0011696518631652,"1","1"
854,96,10.426943805046,-4.2105770111084,0.407730489969254,"1","1"
855,96,10.4269508000063,-4.94265842437744,0.742032110691071,"1","1"
856,96,10.4269577949666,-4.27452039718628,1.18721187114716,"1","1"
862,96,10.4269647899269,-4.77385187149048,1.40093576908112,"1","1"
866,96,10.4269717848872,-4.73979139328003,0.175713568925858,"1","1"
867,96,10.4269787798475,-4.18494749069214,0.609657108783722,"1","1"
870,96,10.4269857748078,-4.79697799682617,0.379629343748093,"1","1"
874,96,10.4269927697681,-4.37812519073486,0.0109691442921758,"1","1"
876,96,10.4269997647284,-4.87112617492676,0.880698680877686,"1","1"
877,96,10.4270067596887,-3.58965420722961,1.04627370834351,"1","1"
878,96,10.427013754649,-4.5556812286377,0.494814217090607,"1","1"
882,96,10.4270207496092,-4.29412508010864,1.47565138339996,"1","1"
884,96,10.4270277445695,-4.34309577941895,0.506732881069183,"1","1"
888,96,10.4270347395298,-4.10341310501099,1.12513327598572,"1","1"
891,96,10.4270417344901,-4.68726396560669,1.24432361125946,"1","1"
892,96,10.4270487294504,-4.81109189987183,0.873902678489685,"1","1"
895,96,10.4270557244107,-4.6850118637085,1.40853118896484,"1","1"
902,96,10.427062719371,-4.74191999435425,0.965221345424652,"1","1"
908,96,10.4270697143313,-4.61661958694458,1.47030818462372,"1","1"
911,96,10.4270767092916,-4.49133157730103,1.03678119182587,"1","1"
912,96,10.4270837042519,-4.47957468032837,1.51092278957367,"1","1"
914,96,10.4270906992122,-4.82016372680664,0.273382276296616,"1","1"
915,96,10.4270976941724,-3.67110085487366,1.17263185977936,"1","1"
916,96,10.4271046891327,-4.46946620941162,0.841861724853516,"1","1"
917,96,10.427111684093,-4.78878307342529,1.40660607814789,"1","1"
918,96,10.4271186790533,-4.83026885986328,1.06488859653473,"1","1"
919,96,10.4271256740136,-4.83952188491821,1.2558833360672,"1","1"
923,96,10.4271326689739,-3.36107516288757,0.976450681686401,"1","1"
924,96,10.4271396639342,-4.71998691558838,1.42211616039276,"1","1"
926,96,10.4271466588945,-4.31258916854858,1.02286970615387,"1","1"
938,96,10.4271536538548,-4.69775009155273,1.58150935173035,"1","1"
940,96,10.4271606488151,-4.67198896408081,1.55245471000671,"1","1"
942,96,10.4271676437754,-4.80960750579834,1.50426864624023,"1","1"
945,96,10.4271746387357,-4.12700176239014,0.32984721660614,"1","1"
950,96,10.4271816336959,-4.83301734924316,0.766154587268829,"1","1"
954,96,10.4271886286562,-4.85622262954712,0.782802045345306,"1","1"
958,96,10.4271956236165,-4.79515981674194,-0.00539620686322451,"1","1"
894,96,10.4368545858621,-2.78530764579773,-0.755315601825714,"1","1"
844,96,10.4421056459231,-3.11458230018616,-0.741560518741608,"1","1"
767,72,10.4445873789529,-2.37918090820312,0.0221552476286888,"1","1"
852,96,10.4494365242207,-3.22944164276123,0.0895363613963127,"1","1"
880,96,10.4520494291951,-2.32863593101501,-0.105857409536839,"1","1"
475,12,10.4637466639954,-2.48118948936462,0.362612992525101,"1","1"
664,48,10.4860846640513,-3.22901630401611,-1.00652301311493,"1","1"
898,96,10.4877151197081,-2.1474871635437,-0.543190836906433,"1","1"
747,72,10.5035505750866,-2.09428691864014,-0.658760964870453,"1","1"
937,96,10.5037987437878,-2.89418435096741,-0.896778345108032,"1","1"
674,48,10.5041884540312,-2.95957565307617,0.438913345336914,"1","1"
868,96,10.5049445641728,-2.96408772468567,-0.930013954639435,"1","1"
614,48,10.511238289164,-3.11231899261475,0.0569903813302517,"1","1"
957,96,10.5164823540694,-3.17387747764587,-1.04708015918732,"1","1"
695,48,10.5198462870972,-3.32139372825623,-0.837035775184631,"1","1"
706,48,10.5198532820575,-3.42857217788696,-0.834231019020081,"1","1"
798,72,10.5198602770178,-3.20538878440857,-0.858721256256104,"1","1"
935,96,10.5198672719781,-3.32575416564941,-0.93360698223114,"1","1"
620,48,10.5337652254123,-3.21816492080688,-0.293099850416183,"1","1"
753,72,10.5676583852884,-2.97151207923889,-1.06715142726898,"1","1"
817,72,10.5746153094613,-2.28453874588013,0.0611031129956245,"1","1"
455,12,10.5810126791513,-2.9560227394104,0.0750344395637512,"1","1"
796,72,10.5956601963458,-2.10330486297607,-0.411569565534592,"1","1"
930,96,10.5988703419627,-2.54699397087097,-0.946703255176544,"1","1"
807,72,10.604560342819,-2.25537204742432,0.0487798377871513,"1","1"
404,12,10.6130339284773,-2.93439722061157,-0.0307715628296137,"1","1"
629,48,10.6168487340178,-3.18185591697693,-1.26483607292175,"1","1"
678,48,10.6299709295176,-3.00411343574524,-0.27151757478714,"1","1"
345,6,10.6333520425756,-1.98339438438416,-0.289375483989716,"1","1"
402,12,10.6333590375358,-1.45083129405975,-0.906228482723236,"1","1"
628,48,10.6333660324961,-2.01101303100586,-0.401892304420471,"1","1"
735,72,10.6333730274564,-1.76434445381165,-0.553433358669281,"1","1"
853,96,10.6333800224167,-1.97885751724243,-0.256387293338776,"1","1"
652,48,10.6532176947372,-2.87613248825073,-0.0926444083452225,"1","1"
794,72,10.6600003757018,-2.69805264472961,-1.14375436306,"1","1"
685,48,10.6922399828473,-2.83714461326599,-0.192821457982063,"1","1"
849,96,10.7108437609568,-2.95261883735657,-1.36447060108185,"1","1"
927,96,10.7348356311826,-2.6612811088562,-1.28729569911957,"1","1"
618,48,10.7457386399342,-2.26185035705566,-1.13454258441925,"1","1"
948,96,10.759093313005,-2.86459565162659,-1.42865085601807,"1","1"
631,48,10.7652624967355,-1.72320103645325,-0.938831090927124,"1","1"
754,72,10.7858249202808,-2.59519457817078,-1.36697721481323,"1","1"
621,48,10.8159835557579,-2.30236029624939,-1.30230903625488,"1","1"
890,96,11.6808649211848,-2.8515202999115,-1.6754184961319,"1","1"
893,96,11.7563053283577,-2.60672998428345,-1.69708371162415,"1","1"
600,24,11.8514120986897,-2.37812066078186,-1.6968058347702,"1","1"
713,48,11.8682598839936,-2.74549508094788,-1.55609035491943,"1","1"
929,96,11.8786809835206,-2.8758282661438,-1.50247514247894,"1","1"
946,96,11.923305255403,-2.45559215545654,-1.61028897762299,"1","1"
375,12,11.9259519314241,-2.08752226829529,-2.03403091430664,"1","1"
612,48,11.9259589263844,-1.53555548191071,-2.02972269058228,"1","1"
513,24,11.9357129752727,-0.65939074754715,-1.91995251178741,"1","1"
389,12,11.9358625257258,-1.91980838775635,-1.96516370773315,"1","1"
457,12,11.9363006581728,-2.34322047233582,-2.08632349967957,"1","1"
479,12,11.9462204061339,-2.08866882324219,-1.99802088737488,"1","1"
393,12,11.9517329392458,-2.27456831932068,-2.16325807571411,"1","1"
469,12,11.9627444388313,-1.32222557067871,-2.04400229454041,"1","1"
579,24,11.9633681635748,-1.28062558174133,-2.03895401954651,"1","1"
843,96,11.9641207386509,-2.42409372329712,-1.58719980716705,"1","1"
841,96,11.971166612826,-0.761229455471039,-1.97603189945221,"1","1"
865,96,11.9727835409633,-2.5389416217804,-1.54038822650909,"1","1"
518,24,11.975885499166,-1.28858602046967,-2.05486011505127,"1","1"
920,96,11.9768846416083,-2.59952354431152,-2.09839105606079,"1","1"
860,96,11.9849735024342,-2.62380647659302,-2.09309196472168,"1","1"
496,24,11.986568753701,-2.03071522712708,-1.70420718193054,"1","1"
744,72,11.9867086723193,-2.60504150390625,-2.25052118301392,"1","1"
861,96,11.9894298135561,-2.72258925437927,-2.11474823951721,"1","1"
503,24,11.9961269869377,-0.941905498504639,-2.03064918518066,"1","1"
936,96,11.9984014122422,-2.91544079780579,-2.15660429000854,"1","1"
486,24,11.9994022528857,-1.1141836643219,-2.05844759941101,"1","1"
490,24,12.028489445912,-1.41954135894775,-2.13528490066528,"1","1"
487,24,12.0299059573248,-2.56951379776001,-2.29668641090393,"1","1"
587,24,12.0329359775012,-2.66951131820679,-2.31415462493896,"1","1"
574,24,12.0460314402694,-0.955903768539429,-2.09162473678589,"1","1"
665,48,12.0796636933175,-1.38283538818359,-2.19072890281677,"1","1"
640,48,12.0914998964508,-0.445282429456711,-2.07450366020203,"1","1"
616,48,12.0965496959538,-1.24289429187775,-2.1912624835968,"1","1"
921,96,12.0970227081358,-2.54699659347534,-1.90069949626923,"1","1"
158,1,12.0974790811444,-0.838658034801483,-1.531045794487,"1","1"
255,6,12.0974860761047,-1.01527404785156,-1.53891289234161,"1","1"
373,12,12.097493071065,-1.27828478813171,-1.66933476924896,"1","1"
383,12,12.0975000660253,-2.16149997711182,-1.40545976161957,"1","1"
387,12,12.0975070609855,-2.14846134185791,-1.55628371238708,"1","1"
391,12,12.0975140559458,-1.57238459587097,-1.63849604129791,"1","1"
447,12,12.0975210509061,-0.702195286750793,-1.16445064544678,"1","1"
449,12,12.0975280458664,-1.94678950309753,-1.55390608310699,"1","1"
517,24,12.0975350408267,-1.73365652561188,-1.52294969558716,"1","1"
529,24,12.097542035787,-1.28186345100403,-1.48272633552551,"1","1"
638,48,12.0975490307473,-1.21201157569885,-1.80409252643585,"1","1"
676,48,12.0975560257076,-1.2925580739975,-1.8185967206955,"1","1"
680,48,12.0975630206679,-0.960406124591827,-1.65466403961182,"1","1"
703,48,12.0975700156282,-1.56573939323425,-1.71950197219849,"1","1"
530,24,12.1030924862464,-0.839341223239899,-2.14294481277466,"1","1"
370,12,12.10346452717,-2.75965237617493,-1.95209872722626,"1","1"
819,72,12.1196546554258,-3.00006699562073,-1.99666571617126,"1","1"
947,96,12.1271282289902,-2.91320562362671,-1.96032583713531,"1","1"
586,24,12.1299673483749,-0.399995297193527,-2.1137228012085,"1","1"
615,48,12.1324040373835,-0.669966280460358,-2.15409827232361,"1","1"
492,24,12.1342515250895,-2.4446108341217,-2.40277791023254,"1","1"
896,96,12.136256056853,-2.693035364151,-1.88311851024628,"1","1"
582,24,12.1459221561104,-0.399674147367477,-2.13253927230835,"1","1"
593,24,12.1695863825277,-2.11147594451904,-2.39831471443176,"1","1"
700,48,12.1786056119016,-3.04751873016357,-1.78352963924408,"1","1"
885,96,12.1786126068619,-2.98116707801819,-1.79395234584808,"1","1"
488,24,12.1863901867193,-0.642461061477661,-2.21414875984192,"1","1"
554,24,12.1936309783044,-0.736681222915649,-2.23579883575439,"1","1"
560,24,12.2017866219439,-0.26228728890419,-2.17955040931702,"1","1"
773,72,12.2333416938752,-1.15885663032532,-2.34142923355103,"1","1"
528,24,12.2400537954067,-1.17057681083679,-2.35099411010742,"1","1"
566,24,12.240472281669,-0.721732079982758,-2.28913593292236,"1","1"
626,48,12.2409666242701,-1.16941201686859,-2.35189628601074,"1","1"
544,24,12.2417912777419,-0.415459185838699,-2.26695132255554,"1","1"
556,24,12.2417982727022,-2.37223482131958,-2.60979032516479,"1","1"
627,48,12.2418052676625,-2.41854667663574,-2.71515417098999,"1","1"
814,72,12.2418122626228,-2.52502179145813,-2.70804834365845,"1","1"
873,96,12.2418192575831,-2.09546375274658,-2.67625951766968,"1","1"
904,96,12.2418262525434,-2.16461634635925,-2.67680954933167,"1","1"
766,72,12.3009026269348,-2.5605628490448,-2.73964047431946,"1","1"
549,24,12.3598102080079,-2.61191391944885,-2.89239621162415,"1","1"
595,24,12.4176163734321,-2.66455364227295,-2.98047780990601,"1","1"
611,48,12.4457929533392,-2.70324540138245,-2.66505217552185,"1","1"
668,48,12.6132328013484,-2.86808204650879,-2.58073854446411,"1","1"
724,72,12.6453318266072,-2.88895297050476,-2.42302370071411,"1","1"
624,48,12.645869469902,-2.93812727928162,-2.66312050819397,"1","1"
830,72,12.6969825221846,-3.00632333755493,-2.67078685760498,"1","1"
687,48,12.7396688651362,-3.08505296707153,-2.78504037857056,"1","1"
657,48,12.7771891819388,-3.09993815422058,-2.61648344993591,"1","1"
831,72,12.8426048627863,-3.13977575302124,-2.39134073257446,"1","1"
809,72,12.8473229245059,-3.19595432281494,-2.63912606239319,"1","1"
670,48,12.927295777786,-3.16878771781921,-2.43115377426147,"1","1"
672,48,12.9625005843178,-3.30951905250549,-2.6636791229248,"1","1"
829,72,12.9717744987734,-3.28409504890442,-2.54435443878174,"1","1"
720,48,12.991033418617,-3.1976523399353,-2.19928956031799,"1","1"
653,48,13.044199419417,-3.38543319702148,-2.47890543937683,"1","1"
604,48,13.0485581382961,-3.35570216178894,-2.37145519256592,"1","1"
851,96,13.0513328766012,-3.41779708862305,-2.53720331192017,"1","1"
960,96,13.0541446746411,-3.39053225517273,-2.44453430175781,"1","1"
745,72,13.0706401324286,-3.41901302337646,-2.44525170326233,"1","1"
726,72,13.0712026041035,-3.4213969707489,-2.44939231872559,"1","1"
651,48,13.0897167766872,-3.50718927383423,-2.55688047409058,"1","1"
736,72,13.5308445995516,-3.86126828193665,-2.3609082698822,"1","1"
606,48,13.5318036865111,-3.5368492603302,-2.14210915565491,"1","1"
859,96,13.5325302375645,-3.68629455566406,-2.37825012207031,"1","1"
491,24,13.5345465454605,-3.58925366401672,-2.51434421539307,"1","1"
602,48,13.5348404320755,-3.57608532905579,-2.53447508811951,"1","1"
711,48,13.8924581039831,-3.8462986946106,-1.94220149517059,"1","1"
525,24,13.9049345951465,-3.70642781257629,-1.97532558441162,"1","1"
644,48,13.9236724626509,-3.50915884971619,-2.02305555343628,"1","1"
734,72,13.9628527363831,-3.49228477478027,-2.06039476394653,"1","1"
601,48,13.9808484954115,-3.73672604560852,-2.03771877288818,"1","1"
787,72,14.0417278179436,-3.79327034950256,-2.08267188072205,"1","1"
772,72,14.0724974026168,-3.69378709793091,-2.12561082839966,"1","1"
815,72,14.1063537474743,-3.64850664138794,-2.16272306442261,"1","1"
648,48,14.1259516048522,-3.75644373893738,-2.16302013397217,"1","1"
362,12,14.1267997532202,-3.8742356300354,-2.24957084655762,"1","1"
693,48,14.1268067481805,-3.94579005241394,-2.22654724121094,"1","1"
716,48,14.1268137431407,-4.19935083389282,-2.21278810501099,"1","1"
673,48,14.1549858908417,-3.40984010696411,-1.26962780952454,"1","1"
763,72,14.154992885802,-3.50556302070618,-1.26667284965515,"1","1"
932,96,14.1549998807623,-3.40324950218201,-1.15443730354309,"1","1"
949,96,14.1563265695811,-3.77166223526001,-1.58370268344879,"1","1"
847,96,14.1617866011692,-3.59617805480957,-1.50036990642548,"1","1"
701,48,14.1664967906123,-3.94940948486328,-1.61894404888153,"1","1"
848,96,14.1671884489255,-3.90003108978271,-1.55152189731598,"1","1"
635,48,14.1717807587395,-3.74107146263123,-1.61394774913788,"1","1"
683,48,14.1778335299133,-3.9928822517395,-1.52404892444611,"1","1"
741,72,14.1844582725123,-3.46786403656006,-1.49712717533112,"1","1"
943,96,14.1872415227454,-3.93676424026489,-1.3358895778656,"1","1"
791,72,14.1882829068356,-4.08146286010742,-1.4941326379776,"1","1"
857,96,14.1891926550194,-4.02271127700806,-1.41277229785919,"1","1"
658,48,14.1901041987505,-4.05743217468262,-1.44225358963013,"1","1"
515,24,14.19316010468,-3.57515907287598,-1.5852472782135,"1","1"
838,72,14.1989840250801,-3.82798624038696,-1.74755775928497,"1","1"
739,72,14.200839085799,-3.29867100715637,-1.45108711719513,"1","1"
395,12,14.2027179900253,-4.80243730545044,-0.676531910896301,"1","1"
439,12,14.2027249849856,-4.90980434417725,-0.456547468900681,"1","1"
502,24,14.2027319799459,-4.32098817825317,-0.509785711765289,"1","1"
511,24,14.2027389749061,-5.03018856048584,-0.350932210683823,"1","1"
512,24,14.2027459698664,-4.13292026519775,-0.673870205879211,"1","1"
603,48,14.2027529648267,-4.05964612960815,-0.478450149297714,"1","1"
607,48,14.202759959787,-4.6358847618103,-0.551241993904114,"1","1"
610,48,14.2027669547473,-4.87874889373779,-0.593246698379517,"1","1"
617,48,14.2027739497076,-5.00808143615723,-0.393124222755432,"1","1"
630,48,14.2027809446679,-4.08771276473999,-0.630535960197449,"1","1"
633,48,14.2027879396282,-4.71682929992676,-0.772034704685211,"1","1"
642,48,14.2027949345885,-3.96575045585632,-0.938620567321777,"1","1"
645,48,14.2028019295488,-4.4574408531189,-0.870193123817444,"1","1"
662,48,14.2028089245091,-4.42452716827393,-0.754515290260315,"1","1"
714,48,14.2028159194693,-3.95227551460266,-1.04386281967163,"1","1"
737,72,14.2028229144296,-4.48472595214844,-0.784136593341827,"1","1"
803,72,14.2028299093899,-4.27914619445801,-0.960200607776642,"1","1"
806,72,14.2028369043502,-4.1220645904541,-0.898962914943695,"1","1"
826,72,14.2028438993105,-4.63960218429565,-0.663058578968048,"1","1"
832,72,14.2028508942708,-4.78261137008667,-0.681475818157196,"1","1"
840,72,14.2028578892311,-4.86335039138794,-0.652240991592407,"1","1"
846,96,14.2028648841914,-4.02751779556274,-1.20082557201385,"1","1"
858,96,14.2028718791517,-4.03140115737915,-1.07458162307739,"1","1"
875,96,14.202878874112,-4.84541702270508,-0.253255516290665,"1","1"
883,96,14.2028858690723,-4.15048360824585,-0.952938079833984,"1","1"
907,96,14.2028928640325,-4.86963653564453,-0.348076492547989,"1","1"
928,96,14.2028998589928,-4.07549953460693,-1.12173354625702,"1","1"
675,48,14.2668695601058,-3.40316319465637,-1.71474826335907,"1","1"
392,12,14.2840679753644,-3.33025026321411,-1.77631366252899,"1","1"
812,72,14.2840749703246,-3.19792675971985,-1.95783400535583,"1","1"
663,48,14.5783085802308,-4.56643867492676,-1.03389704227448,"1","1"
821,72,14.6614693228743,-4.36341094970703,-1.25671815872192,"1","1"
897,96,14.690496528066,-4.13021945953369,-1.45364165306091,"1","1"
649,48,14.6989227092855,-4.31513071060181,-1.32538175582886,"1","1"
833,72,14.7015669946509,-4.31255149841309,-1.32961535453796,"1","1"
797,72,14.7484967441118,-4.43256282806396,-1.28316283226013,"1","1"
557,24,14.8971516398047,-4.42823219299316,-1.41825389862061,"1","1"
801,72,15.0747776873081,-4.30456209182739,-1.66665363311768,"1","1"
522,24,15.0904733453067,-4.53097629547119,-1.5952684879303,"1","1"
625,48,15.090480340267,-4.53592729568481,-1.67121839523315,"1","1"
632,48,15.0904873352273,-4.34743738174438,-1.8820675611496,"1","1"
646,48,15.0904943301876,-4.44728374481201,-1.8605614900589,"1","1"
688,48,15.0905013251479,-4.36696004867554,-1.65582799911499,"1","1"
728,72,15.0905083201082,-4.22048854827881,-2.02675008773804,"1","1"
771,72,15.0905153150685,-4.47400140762329,-1.77509617805481,"1","1"
778,72,15.0905223100287,-4.1868634223938,-2.06966972351074,"1","1"
781,72,15.090529304989,-4.47871494293213,-1.70658564567566,"1","1"
790,72,15.0905362999493,-4.31088399887085,-1.74957776069641,"1","1"
802,72,15.0905432949096,-4.40655851364136,-1.85124599933624,"1","1"
837,72,15.0905502898699,-4.63298034667969,-1.47847354412079,"1","1"
